{
	"game": [{
		"active_users": 22872,
		"avg_daily_active_users": 3267.4285714285716,
		"games_played": 101105,
		"avg_daily_games_played": 14443.57142857143
	}
	]
}
